season,team,matches_to_15_goals,goals_scored,goal_tempo,action_complexity_score,avg_xg_per_goal,finishing_delta,assist_entropy,open_play_ratio,counter_ratio,avg_ppda,avg_xpts,final_points,final_rank
2021-2022,Eintracht Frankfurt,13,16,1.2308,1.1666,0.9745,0.4074,2.3665,0.62,0.24,11.1826,1.0201,42,11
2021-2022,Borussia M.Gladbach,12,17,1.4167,1.2051,1.2811,-4.7792,2.3239,0.61,0.21,9.9328,1.7708,45,10
2021-2022,Union Berlin,10,15,1.5,1.0244,0.8839,1.7414,2.0742,0.48,0.28,17.3299,1.545,57,5
2021-2022,Greuther Fuerth,19,15,0.7895,1.0047,1.2077,-3.1148,2.0547,0.55,0.22,12.5615,0.767,18,18
2021-2022,Bayern Munich,5,20,4.0,1.7519,1.0718,-1.4359,3.1656,0.78,0.12,9.2516,2.7189,77,1
2021-2022,Mainz 05,11,15,1.3636,1.1185,1.1955,-2.932,2.168,0.52,0.25,11.0845,1.7245,46,8
2021-2022,Freiburg,10,17,1.7,1.1603,0.9226,1.3155,2.3103,0.58,0.15,10.5434,1.5289,55,6
2021-2022,Bayer Leverkusen,5,15,3.0,1.3582,0.4617,8.0747,2.7579,0.75,0.15,12.6076,1.3182,64,3
2021-2022,Arminia Bielefeld,18,16,0.8889,0.9842,0.9674,0.5219,2.0336,0.55,0.22,14.8083,0.7205,28,17
2021-2022,Augsburg,15,16,1.0667,0.9548,1.0106,-0.1695,1.9834,0.46,0.29,15.6386,0.9703,38,14
2021-2022,Wolfsburg,13,15,1.1538,1.0919,1.253,-3.7944,2.1421,0.55,0.22,9.7872,1.4009,42,12
2021-2022,Bochum,14,15,1.0714,1.0689,1.2131,-3.1965,2.1194,0.55,0.22,13.7785,1.1532,42,13
2021-2022,Hoffenheim,8,17,2.125,1.2474,0.9318,1.1588,2.4162,0.64,0.2,11.5421,1.7213,46,9
2021-2022,RasenBallsport Leipzig,7,15,2.1429,1.3925,0.9498,0.7526,2.629,0.68,0.22,8.0378,1.6742,58,4
2021-2022,Hertha Berlin,14,15,1.0714,1.0433,1.0745,-1.1177,2.0939,0.55,0.22,13.9158,1.2616,33,16
2021-2022,FC Cologne,9,15,1.6667,1.101,0.9908,0.1383,2.1405,0.5,0.24,6.7907,1.3717,52,7
2021-2022,Borussia Dortmund,5,17,3.4,1.461,0.6549,5.8671,2.7568,0.72,0.18,9.4431,1.8158,69,2
2021-2022,VfB Stuttgart,10,15,1.5,1.2408,0.8561,2.1586,2.4615,0.7,0.16,10.0021,1.057,33,15
2022-2023,Eintracht Frankfurt,8,16,2.0,1.2017,0.6954,4.8741,2.4018,0.62,0.24,15.0941,1.3946,50,7
2022-2023,Borussia M.Gladbach,9,16,1.7778,1.2199,1.0852,-1.3635,2.3381,0.61,0.21,15.8855,1.754,43,10
2022-2023,Union Berlin,7,15,2.1429,0.9456,0.4147,8.7798,1.9929,0.48,0.28,16.1086,1.343,62,4
2022-2023,Bayern Munich,3,15,5.0,1.664,0.6629,5.0569,3.0851,0.78,0.12,8.182,2.6712,71,1
2022-2023,Schalke 04,22,16,0.7273,0.9866,1.5845,-9.3512,2.0259,0.47,0.26,11.2585,1.1486,31,17
2022-2023,Freiburg,11,16,1.4545,1.1873,1.2097,-3.3558,2.337,0.58,0.15,11.0278,1.6933,59,5
2022-2023,Bayer Leverkusen,11,16,1.4545,1.401,1.1122,-1.7952,2.8011,0.75,0.15,17.0637,1.3071,50,6
2022-2023,Werder Bremen,8,18,2.25,1.1556,0.7795,3.969,2.2347,0.56,0.22,9.7199,1.5494,36,13
2022-2023,Mainz 05,11,16,1.4545,1.0619,0.8648,2.1632,2.1125,0.52,0.25,13.8236,1.3746,46,9
2022-2023,Augsburg,12,15,1.25,0.9524,0.8518,2.2224,1.9809,0.46,0.29,11.0589,0.6719,34,15
2022-2023,Bochum,16,17,1.0625,1.0128,0.9342,1.1188,2.063,0.55,0.22,12.6252,0.8025,35,14
2022-2023,Wolfsburg,12,17,1.4167,1.0581,0.8721,2.1747,2.1087,0.55,0.22,12.1674,1.1319,49,8
2022-2023,Hoffenheim,10,17,1.7,1.2234,1.0571,-0.97,2.3928,0.64,0.2,11.965,1.6597,36,12
2022-2023,RasenBallsport Leipzig,10,17,1.7,1.3908,1.19,-3.23,2.6274,0.68,0.22,9.3335,1.8204,66,3
2022-2023,Hertha Berlin,13,16,1.2308,1.0672,1.0474,-0.7588,2.1177,0.55,0.22,14.2945,1.1335,29,18
2022-2023,FC Cologne,9,16,1.7778,1.1164,0.996,0.0644,2.1555,0.5,0.24,9.168,1.4935,42,11
2022-2023,Borussia Dortmund,11,18,1.6364,1.3957,1.0828,-1.4912,2.6945,0.72,0.18,9.2738,1.7616,71,2
2022-2023,VfB Stuttgart,12,15,1.25,1.2691,1.1497,-2.2459,2.4893,0.7,0.16,15.1002,1.359,33,16
2023-2024,Eintracht Frankfurt,10,15,1.5,1.2276,1.0317,-0.476,2.4276,0.62,0.24,14.0547,1.5381,47,6
2023-2024,Borussia M.Gladbach,9,16,1.7778,1.1913,0.9638,0.5798,2.3105,0.61,0.21,17.7727,1.3212,34,14
2023-2024,Union Berlin,13,15,1.1538,1.0312,1.188,-2.82,2.0812,0.48,0.28,20.2689,1.1916,33,15
2023-2024,Bayern Munich,5,18,3.6,1.6653,0.9244,1.3607,3.0864,0.78,0.12,12.1939,2.544,72,3
2023-2024,Bayer Leverkusen,5,17,3.4,1.5903,0.8967,1.7554,2.9844,0.75,0.15,13.7232,2.1795,90,1
2023-2024,Werder Bremen,10,16,1.6,1.1002,0.8575,2.28,2.1805,0.56,0.22,12.1646,1.1046,42,9
2023-2024,Freiburg,12,15,1.25,1.1507,1.2035,-3.0525,2.3007,0.58,0.15,17.9601,1.3657,42,10
2023-2024,Darmstadt,12,15,1.25,1.05,0.9507,0.7389,2.1005,0.55,0.22,14.5682,0.9127,17,18
2023-2024,Mainz 05,20,15,0.75,1.052,1.6001,-9.0011,2.1026,0.52,0.25,11.3699,1.3144,35,13
2023-2024,Augsburg,8,15,1.875,1.029,0.8359,2.4615,2.059,0.46,0.29,15.1254,1.3125,39,11
2023-2024,Wolfsburg,10,15,1.5,1.115,1.0701,-1.0512,2.1646,0.55,0.22,14.9861,1.3329,37,12
2023-2024,Bochum,14,15,1.0714,1.1143,1.4937,-7.4051,2.164,0.55,0.22,10.3381,1.304,33,16
2023-2024,Hoffenheim,7,16,2.2857,1.2281,0.8012,3.1807,2.3974,0.64,0.2,12.3901,1.4211,46,7
2023-2024,FC Heidenheim,10,15,1.5,1.0684,0.8644,2.0339,2.1189,0.55,0.22,16.9091,0.6079,42,8
2023-2024,RasenBallsport Leipzig,6,16,2.6667,1.286,0.5128,7.795,2.5265,0.68,0.22,12.2398,1.5188,65,4
2023-2024,FC Cologne,21,15,0.7143,1.0263,1.627,-9.4049,2.0666,0.5,0.24,15.8817,0.8324,27,17
2023-2024,Borussia Dortmund,7,16,2.2857,1.4429,0.9153,1.3558,2.7396,0.72,0.18,12.2059,1.8544,63,5
2023-2024,VfB Stuttgart,5,17,3.4,1.4149,0.7282,4.621,2.6285,0.7,0.16,18.4597,2.0787,73,2
2024-2025,Eintracht Frankfurt,7,15,2.1429,1.3123,1.0079,-0.1191,2.5099,0.62,0.24,22.9642,1.6483,60,3
2024-2025,Borussia M.Gladbach,9,15,1.6667,1.2241,1.1776,-2.6641,2.3421,0.61,0.21,11.2523,1.425,45,10
2024-2025,Union Berlin,18,16,0.8889,1.0153,1.4264,-6.8225,2.065,0.48,0.28,15.4933,1.2597,41,13
2024-2025,Bayern Munich,4,16,4.0,1.6112,0.7051,4.7177,3.0358,0.78,0.12,8.6311,2.3232,82,1
2024-2025,Freiburg,12,16,1.3333,1.188,1.3236,-5.178,2.3377,0.58,0.15,16.505,1.7102,55,5
2024-2025,Mainz 05,10,15,1.5,1.0922,0.9651,0.5234,2.1424,0.52,0.25,12.0587,1.3359,52,6
2024-2025,Werder Bremen,9,15,1.6667,1.1252,0.9212,1.1825,2.2051,0.56,0.22,16.5009,1.1758,51,8
2024-2025,Bayer Leverkusen,6,16,2.6667,1.5174,0.9042,1.5335,2.9151,0.75,0.15,13.7927,1.9786,69,2
2024-2025,Augsburg,13,16,1.2308,0.9873,1.0357,-0.5713,2.0169,0.46,0.29,16.3546,1.3481,43,12
2024-2025,Wolfsburg,7,15,2.1429,1.1142,0.7465,3.8024,2.1639,0.55,0.22,14.2654,1.0572,43,11
2024-2025,Bochum,18,17,0.9444,1.0713,1.3918,-6.6605,2.1218,0.55,0.22,13.1883,0.8567,23,18
2024-2025,Hoffenheim,11,17,1.5455,1.167,0.9183,1.3893,2.337,0.64,0.2,13.9447,0.917,32,15
2024-2025,FC Heidenheim,11,15,1.3636,1.1045,1.1225,-1.838,2.1544,0.55,0.22,20.3488,1.2885,29,16
2024-2025,RasenBallsport Leipzig,9,15,1.6667,1.3252,0.9534,0.6992,2.5647,0.68,0.22,11.8188,1.4386,51,7
2024-2025,St. Pauli,19,17,0.8947,1.0708,1.4654,-7.912,2.1213,0.55,0.22,17.5419,1.2641,32,14
2024-2025,Holstein Kiel,15,19,1.2667,1.0578,0.9739,0.4954,2.1084,0.55,0.22,13.7893,0.8796,25,17
2024-2025,Borussia Dortmund,8,15,1.875,1.4292,1.064,-0.9607,2.7267,0.72,0.18,9.5094,1.7767,57,4
2024-2025,VfB Stuttgart,6,15,2.5,1.421,1.0118,-0.1772,2.6341,0.7,0.16,9.8108,1.995,50,9
2025-2026,Eintracht Frankfurt,5,17,3.4,1.3234,0.6626,5.7358,2.5205,0.62,0.24,10.8717,1.6909,44,8
2025-2026,Borussia M.Gladbach,11,16,1.4545,1.1854,1.149,-2.3845,2.3048,0.61,0.21,16.3541,1.4092,38,12
2025-2026,Union Berlin,12,15,1.25,1.0163,1.0194,-0.2912,2.066,0.48,0.28,18.457,1.1925,39,11
2025-2026,Bayern Munich,4,18,4.5,1.6426,0.6903,5.5745,3.0652,0.78,0.12,9.3161,2.7463,89,1
2025-2026,Bayer Leverkusen,7,16,2.2857,1.5093,1.0269,-0.4311,2.9073,0.75,0.15,12.7878,2.0897,59,6
2025-2026,Freiburg,11,15,1.3636,1.1163,0.948,0.7807,2.266,0.58,0.15,15.0064,1.3543,47,7
2025-2026,Mainz 05,16,15,0.9375,1.0702,1.3949,-5.9231,2.1207,0.52,0.25,13.2824,1.0864,40,10
2025-2026,Werder Bremen,10,15,1.5,1.106,0.9392,0.9121,2.1862,0.56,0.22,17.5328,1.1518,32,15
2025-2026,Augsburg,11,15,1.3636,0.9608,0.8157,2.764,1.9896,0.46,0.29,11.0481,0.938,43,9
2025-2026,Wolfsburg,13,17,1.3077,1.0773,1.0337,-0.5721,2.1277,0.55,0.22,14.2276,1.0551,29,16
2025-2026,Hoffenheim,8,15,1.875,1.2178,0.9367,0.9502,2.3874,0.64,0.2,8.8918,1.4716,61,5
2025-2026,FC Heidenheim,16,15,0.9375,1.0682,1.3816,-5.7236,2.1187,0.55,0.22,19.1806,0.9375,26,17
2025-2026,RasenBallsport Leipzig,8,16,2.0,1.3998,1.0449,-0.7186,2.636,0.68,0.22,15.295,1.825,65,3
2025-2026,St. Pauli,17,16,0.9412,0.9934,0.9576,0.6785,2.0432,0.55,0.22,23.232,0.7366,26,18
2025-2026,FC Cologne,9,16,1.7778,1.0894,0.8811,1.9019,2.1292,0.5,0.24,18.9099,1.2203,32,14
2025-2026,Borussia Dortmund,9,15,1.6667,1.3702,0.9693,0.4602,2.6697,0.72,0.18,11.2978,1.705,73,2
2025-2026,VfB Stuttgart,10,17,1.7,1.3118,0.9976,0.041,2.5309,0.7,0.16,10.3572,1.7338,62,4
2025-2026,Hamburger SV,14,15,1.0714,1.1144,1.2495,-3.7418,2.1949,0.57,0.21,15.9017,1.1472,38,13
