season,team,first_4_matches_played,goals_in_first_4_matches,goal_tempo,action_complexity_score,avg_xg_per_goal,finishing_delta,assist_entropy,open_play_ratio,counter_ratio,avg_ppda,avg_xpts,final_points,final_rank
2021-2022,Arminia Bielefeld,4,3,0.75,0.9874,1.1657,-0.4971,2.037,0.55,0.22,14.1504,0.5678,28,17
2021-2022,Wolfsburg,4,6,1.5,1.0963,0.9835,0.0991,2.1464,0.55,0.22,8.585,1.7368,42,12
2021-2022,Hoffenheim,4,8,2.0,1.2287,0.9182,0.6542,2.398,0.64,0.2,9.3779,1.2596,46,9
2021-2022,Bochum,4,4,1.0,0.9639,0.7748,0.9009,2.0126,0.55,0.22,15.6617,0.8936,42,13
2021-2022,Union Berlin,4,5,1.25,1.0525,1.2146,-1.073,2.1025,0.48,0.28,15.6892,1.727,57,5
2021-2022,Hertha Berlin,4,5,1.25,1.0368,0.8925,0.5374,2.0873,0.55,0.22,17.5885,1.1818,33,16
2021-2022,Greuther Fuerth,4,2,0.5,1.0426,2.2944,-2.5888,2.0931,0.55,0.22,13.0785,0.8118,18,18
2021-2022,VfB Stuttgart,4,8,2.0,1.3799,1.0919,-0.735,2.5957,0.7,0.16,10.9523,1.5696,33,15
2021-2022,FC Cologne,4,8,2.0,1.1137,0.8746,1.003,2.1528,0.5,0.24,7.5385,1.4456,52,7
2021-2022,Bayer Leverkusen,4,12,3.0,1.3478,0.4443,6.668,2.7474,0.75,0.15,12.2708,1.2676,64,3
2021-2022,Eintracht Frankfurt,4,4,1.0,1.218,1.4875,-1.95,2.418,0.62,0.24,7.3125,1.6731,42,11
2021-2022,Bayern Munich,4,13,3.25,1.6953,1.1195,-1.554,3.1141,0.78,0.12,9.5777,2.649,77,1
2021-2022,Mainz 05,4,6,1.5,1.0932,0.9695,0.1831,2.1433,0.52,0.25,12.1113,1.8741,46,8
2021-2022,Borussia M.Gladbach,4,5,1.25,1.2066,1.4612,-2.306,2.3253,0.61,0.21,8.598,1.268,45,10
2021-2022,Borussia Dortmund,4,13,3.25,1.4962,0.7719,2.9657,2.7898,0.72,0.18,9.6893,2.0603,69,2
2021-2022,RasenBallsport Leipzig,4,5,1.25,1.2872,1.099,-0.4951,2.5277,0.68,0.22,7.4597,1.2792,58,4
2021-2022,Freiburg,4,6,1.5,1.1283,0.909,0.5458,2.2782,0.58,0.15,12.7146,1.3105,55,6
2021-2022,Augsburg,4,1,0.25,0.9119,3.426,-2.426,1.9383,0.46,0.29,15.5545,0.5522,38,14
2022-2023,Wolfsburg,4,2,0.5,0.9655,1.5626,-1.1251,2.0142,0.55,0.22,7.8008,0.8186,49,8
2022-2023,Hoffenheim,4,8,2.0,1.172,0.7248,2.2014,2.342,0.64,0.2,11.825,1.5573,36,12
2022-2023,Bochum,4,3,0.75,1.0228,1.3901,-1.1703,2.0732,0.55,0.22,13.1781,0.3995,35,14
2022-2023,Union Berlin,4,11,2.75,0.9255,0.2901,7.8086,1.9715,0.48,0.28,15.9285,1.1972,62,4
2022-2023,Hertha Berlin,4,2,0.5,1.0006,1.8683,-1.7367,2.0506,0.55,0.22,21.2276,0.7985,29,18
2022-2023,VfB Stuttgart,4,3,0.75,1.2145,1.538,-1.6139,2.4352,0.7,0.16,16.0024,1.4929,33,16
2022-2023,FC Cologne,4,6,1.5,1.0995,1.0934,-0.5607,2.139,0.5,0.24,7.1745,1.4485,42,11
2022-2023,Bayer Leverkusen,4,4,1.0,1.4034,1.6314,-2.5256,2.8034,0.75,0.15,10.425,1.3795,50,6
2022-2023,Eintracht Frankfurt,4,7,1.75,1.1452,0.6248,2.6265,2.3447,0.62,0.24,13.3849,0.9266,50,7
2022-2023,Schalke 04,4,4,1.0,0.9954,1.205,-0.8201,2.035,0.47,0.26,17.1654,1.2128,31,17
2022-2023,Bayern Munich,4,16,4.0,1.6604,0.8198,2.8831,3.0819,0.78,0.12,7.6465,2.7123,71,1
2022-2023,Mainz 05,4,4,1.0,1.0967,1.4773,-1.9093,2.1467,0.52,0.25,13.3304,1.9632,46,9
2022-2023,Borussia M.Gladbach,4,7,1.75,1.1714,0.9,0.7003,2.2911,0.61,0.21,16.8668,1.5843,43,10
2022-2023,Borussia Dortmund,4,7,1.75,1.3828,0.9664,0.2352,2.682,0.72,0.18,8.1574,1.7576,71,2
2022-2023,Freiburg,4,7,1.75,1.2162,1.1341,-0.9389,2.3653,0.58,0.15,11.8981,2.0353,59,5
2022-2023,RasenBallsport Leipzig,4,6,1.5,1.3897,1.3436,-2.0616,2.6264,0.68,0.22,9.581,2.0352,66,3
2022-2023,Werder Bremen,4,10,2.5,1.0727,0.4836,5.1635,2.1531,0.56,0.22,9.6074,1.3622,36,13
2022-2023,Augsburg,4,3,0.75,0.888,0.7001,0.8998,1.9127,0.46,0.29,9.4731,0.3471,34,15
2023-2024,Wolfsburg,4,7,1.75,1.1492,1.0666,-0.4663,2.1975,0.55,0.22,14.7061,1.7071,37,12
2023-2024,Hoffenheim,4,10,2.5,1.2267,0.7286,2.7137,2.3961,0.64,0.2,14.3048,1.222,46,7
2023-2024,Bochum,4,4,1.0,1.0895,1.4297,-1.7189,2.1397,0.55,0.22,10.0461,1.2598,33,16
2023-2024,Union Berlin,4,9,2.25,1.0318,0.6109,3.5017,2.0817,0.48,0.28,13.8507,1.1016,33,15
2023-2024,VfB Stuttgart,4,14,3.5,1.3981,0.6664,4.6705,2.6128,0.7,0.16,20.1804,1.8779,73,2
2023-2024,FC Cologne,4,3,0.75,1.0096,1.4275,-1.2824,2.0497,0.5,0.24,13.7438,0.9765,27,17
2023-2024,Bayer Leverkusen,4,13,3.25,1.5654,0.8669,1.7298,2.9609,0.75,0.15,14.7165,1.9915,90,1
2023-2024,Eintracht Frankfurt,4,4,1.0,1.1475,1.1044,-0.4176,2.347,0.62,0.24,9.8437,1.2243,47,6
2023-2024,FC Heidenheim,4,8,2.0,1.1641,0.9957,0.0347,2.2118,0.55,0.22,13.7593,0.8814,42,8
2023-2024,Mainz 05,4,3,0.75,1.092,1.9286,-2.7858,2.1422,0.52,0.25,10.5581,1.0364,35,13
2023-2024,Bayern Munich,4,11,2.75,1.5916,0.9648,0.3868,3.0173,0.78,0.12,13.0124,2.4302,72,3
2023-2024,Freiburg,4,5,1.25,1.2062,1.5235,-2.6174,2.3556,0.58,0.15,15.9836,1.418,42,10
2023-2024,Borussia Dortmund,4,8,2.0,1.4646,1.127,-1.0161,2.7601,0.72,0.18,12.1678,1.8847,63,5
2023-2024,RasenBallsport Leipzig,4,13,3.25,1.3259,0.4903,6.6259,2.5655,0.68,0.22,11.4037,1.7584,65,4
2023-2024,Darmstadt,4,5,1.25,1.078,1.0846,-0.4231,2.1284,0.55,0.22,17.2555,0.832,17,18
2023-2024,Borussia M.Gladbach,4,8,2.0,1.2089,0.9221,0.6228,2.3276,0.61,0.21,21.4936,1.019,34,14
2023-2024,Werder Bremen,4,6,1.5,1.1521,1.1516,-0.9097,2.2313,0.56,0.22,11.909,1.3447,42,9
2023-2024,Augsburg,4,7,1.75,1.0359,0.9261,0.5174,2.0659,0.46,0.29,15.9055,1.1749,39,11
2024-2025,Hoffenheim,4,6,1.5,1.1805,1.002,-0.0118,2.3505,0.64,0.2,15.9914,0.8497,32,15
2024-2025,Wolfsburg,4,8,2.0,1.0854,0.7015,2.388,2.1357,0.55,0.22,14.9402,1.0474,43,11
2024-2025,Bochum,4,3,0.75,1.046,1.5551,-1.6652,2.0966,0.55,0.22,11.5197,0.7096,23,18
2024-2025,Union Berlin,4,4,1.0,0.9611,0.9638,0.1446,2.0091,0.48,0.28,17.9395,1.3321,41,13
2024-2025,VfB Stuttgart,4,12,3.0,1.4416,0.9059,1.1288,2.6531,0.7,0.16,11.2026,1.8567,50,9
2024-2025,Bayer Leverkusen,4,13,3.25,1.5798,0.9074,1.2044,2.9744,0.75,0.15,12.1008,2.4331,69,2
2024-2025,Eintracht Frankfurt,4,7,1.75,1.3413,1.3769,-2.638,2.5375,0.62,0.24,21.8311,2.0975,60,3
2024-2025,FC Heidenheim,4,8,2.0,1.1092,0.782,1.7442,2.159,0.55,0.22,25.2682,1.3504,29,16
2024-2025,Mainz 05,4,8,2.0,1.1229,0.8314,1.349,2.1723,0.52,0.25,14.4054,1.0405,52,6
2024-2025,Bayern Munich,4,16,4.0,1.6112,0.7051,4.7177,3.0358,0.78,0.12,8.6311,2.3232,82,1
2024-2025,Freiburg,4,8,2.0,1.2521,1.1476,-1.1808,2.3999,0.58,0.15,19.1344,2.1368,55,5
2024-2025,Borussia M.Gladbach,4,5,1.25,1.2108,1.4867,-2.4336,2.3294,0.61,0.21,12.5556,1.0745,45,10
2024-2025,RasenBallsport Leipzig,4,4,1.0,1.241,1.1446,-0.5784,2.482,0.68,0.22,10.0505,0.9667,51,7
2024-2025,Borussia Dortmund,4,7,1.75,1.3629,0.8989,0.7078,2.6626,0.72,0.18,12.4735,1.5767,57,4
2024-2025,Holstein Kiel,4,5,1.25,1.0785,1.0872,-0.4358,2.1289,0.55,0.22,11.445,0.8619,25,17
2024-2025,Werder Bremen,4,4,1.0,1.0129,0.9076,0.3694,2.0922,0.56,0.22,20.5548,0.9121,51,8
2024-2025,Augsburg,4,7,1.75,1.0628,1.0525,-0.3676,2.0925,0.46,0.29,10.0396,1.5883,43,12
2024-2025,St. Pauli,4,1,0.25,1.0129,3.9717,-2.9717,2.0631,0.55,0.22,12.0551,1.125,32,14
2025-2026,Hoffenheim,4,8,2.0,1.1864,0.7706,1.835,2.3564,0.64,0.2,10.446,0.9051,61,5
2025-2026,Wolfsburg,4,7,1.75,1.0988,0.8525,1.0324,2.1488,0.55,0.22,13.2562,1.4006,29,16
2025-2026,Union Berlin,4,8,2.0,1.0771,0.852,1.1838,2.127,0.48,0.28,21.7881,1.0232,39,11
2025-2026,VfB Stuttgart,4,5,1.25,1.2827,1.2127,-1.0637,2.5026,0.7,0.16,10.7883,1.5391,62,4
2025-2026,FC Cologne,4,9,2.25,1.101,0.734,2.3936,2.1405,0.5,0.24,18.0672,1.2988,32,14
2025-2026,Bayer Leverkusen,4,8,2.0,1.4372,0.9188,0.6494,2.837,0.75,0.15,13.3319,1.8442,59,6
2025-2026,Eintracht Frankfurt,4,11,2.75,1.2748,0.6796,3.5246,2.4738,0.62,0.24,10.8396,1.5251,44,8
2025-2026,Bayern Munich,4,18,4.5,1.6426,0.6903,5.5745,3.0652,0.78,0.12,9.3161,2.7463,89,1
2025-2026,FC Heidenheim,4,2,0.5,1.047,2.3441,-2.6882,2.0976,0.55,0.22,18.917,0.3811,26,17
2025-2026,Mainz 05,4,5,1.25,1.1168,1.2944,-1.4721,2.1663,0.52,0.25,9.5744,1.6784,40,10
2025-2026,Hamburger SV,4,2,0.5,1.0951,2.4537,-2.9074,2.1758,0.57,0.21,19.7972,0.7774,38,13
2025-2026,Freiburg,4,8,2.0,1.1944,0.9065,0.7481,2.344,0.58,0.15,13.891,1.8458,47,7
2025-2026,Borussia M.Gladbach,4,1,0.25,1.1405,5.5124,-4.5124,2.2608,0.61,0.21,11.1248,1.4256,38,12
2025-2026,RasenBallsport Leipzig,4,6,1.5,1.4243,1.5194,-3.1162,2.6589,0.68,0.22,14.3799,1.885,65,3
2025-2026,Borussia Dortmund,4,9,2.25,1.4309,0.8918,0.9736,2.7282,0.72,0.18,12.4753,2.0804,73,2
2025-2026,Werder Bremen,4,8,2.0,1.1357,0.8042,1.5661,2.2154,0.56,0.22,15.6311,1.021,32,15
2025-2026,Augsburg,4,7,1.75,0.9216,0.5161,3.3874,1.9486,0.46,0.29,10.1437,0.4158,43,9
2025-2026,St. Pauli,4,7,1.75,1.112,0.9048,0.6667,2.1617,0.55,0.22,12.6015,1.4312,26,18
